{
  "$schema": "https://schema.management.azure.com/schemas/0.1.2-preview/CreateUIDefinition.MultiVm.json#",
  "handler": "Microsoft.Azure.CreateUIDef",
  "version": "0.1.2-preview",
  "parameters": {
    "config": {
      "isWizard": false,
      "basics": {
        "description": "<img src=\"https://www.tanium.com/wp-content/themes/main/lib/images/header-logo.svg\">\n\n**Important:** _This Microsoft Sentinel Solution is currently in public preview. This feature is provided without a service level agreement, and it's not recommended for production workloads. Certain features might not be supported or might have constrained capabilities. For more information, see [Supplemental Terms of Use for Microsoft Azure Previews](https://azure.microsoft.com/support/legal/preview-supplemental-terms/)._\n\n**Note:** _There may be [known issues](https://aka.ms/sentinelsolutionsknownissues) pertaining to this Solution, please refer to them before installing._\n\nWIP Sentinel bundle for Tanium\n\nMicrosoft Sentinel Solutions provide a consolidated way to acquire Microsoft Sentinel content like data connectors, workbooks, analytics, and automations in your workspace with a single deployment step.\n\n**Workbooks:** 1, **Analytic Rules:** 1, **Playbooks:** 4\n\n[Learn more about Microsoft Sentinel](https://aka.ms/azuresentinel) | [Learn more about Solutions](https://aka.ms/azuresentinelsolutionsdoc)",
        "subscription": {
          "resourceProviders": [
            "Microsoft.OperationsManagement/solutions",
            "Microsoft.OperationalInsights/workspaces/providers/alertRules",
            "Microsoft.Insights/workbooks",
            "Microsoft.Logic/workflows"
          ]
        },
        "location": {
          "metadata": {
            "hidden": "Hiding location, we get it from the log analytics workspace"
          },
          "visible": false
        },
        "resourceGroup": {
          "allowExisting": true
        }
      }
    },
    "basics": [
      {
        "name": "getLAWorkspace",
        "type": "Microsoft.Solutions.ArmApiControl",
        "toolTip": "This filters by workspaces that exist in the Resource Group selected",
        "condition": "[greater(length(resourceGroup().name),0)]",
        "request": {
          "method": "GET",
          "path": "[concat(subscription().id,'/providers/Microsoft.OperationalInsights/workspaces?api-version=2020-08-01')]"
        }
      },
      {
        "name": "workspace",
        "type": "Microsoft.Common.DropDown",
        "label": "Workspace",
        "placeholder": "Select a workspace",
        "toolTip": "This dropdown will list only workspace that exists in the Resource Group selected",
        "constraints": {
          "allowedValues": "[map(filter(basics('getLAWorkspace').value, (filter) => contains(toLower(filter.id), toLower(resourceGroup().name))), (item) => parse(concat('{\"label\":\"', item.name, '\",\"value\":\"', item.name, '\"}')))]",
          "required": true
        },
        "visible": true
      },
      {
        "name": "taniumserver",
        "type": "Microsoft.Common.TextBox",
        "label": "Tanium Server Hostname",
        "placeholder": "host.example.com",
        "constraints": {
          "required": true
        },
        "visible": true
      },
      {
        "name": "taniumforwarderapikey",
        "type": "Microsoft.Common.TextBox",
        "label": "Tanium Forwarder API Key",
        "placeholder": "api key...",
        "constraints": {
          "required": true
        },
        "visible": true
      }
    ],
    "steps": [
      {
        "name": "workbooks",
        "label": "Workbooks",
        "subLabel": {
          "preValidation": "Configure the workbooks",
          "postValidation": "Done"
        },
        "bladeTitle": "Workbooks",
        "elements": [
          {
            "name": "workbooks-text",
            "type": "Microsoft.Common.TextBlock",
            "options": {
              "text": "This Microsoft Sentinel Solution installs workbooks. Workbooks provide a flexible canvas for data monitoring, analysis, and the creation of rich visual reports within the Azure portal. They allow you to tap into one or many data sources from Microsoft Sentinel and combine them into unified interactive experiences.",
              "link": {
                "label": "Learn more",
                "uri": "https://docs.microsoft.com/azure/sentinel/tutorial-monitor-your-data"
              }
            }
          },
          {
            "name": "workbook1",
            "type": "Microsoft.Common.Section",
            "label": "Tanium",
            "elements": [
              {
                "name": "workbook1-text",
                "type": "Microsoft.Common.TextBlock",
                "options": {
                  "text": "Tanium Workbook"
                }
              },
              {
                "name": "workbook1-name",
                "type": "Microsoft.Common.TextBox",
                "label": "Display Name",
                "defaultValue": "Tanium Workbook",
                "toolTip": "Display name for the workbook.",
                "constraints": {
                  "required": true,
                  "regex": "[a-z0-9A-Z]{1,256}$",
                  "validationMessage": "Please enter a workbook name"
                }
              }
            ]
          }
        ]
      },
      {
        "name": "analytics",
        "label": "Analytics",
        "subLabel": {
          "preValidation": "Configure the analytics",
          "postValidation": "Done"
        },
        "bladeTitle": "Analytics",
        "elements": [
          {
            "name": "analytics-text",
            "type": "Microsoft.Common.TextBlock",
            "options": {
              "text": "This Microsoft Sentinel Solution installs analytic rules for Tanium that you can enable for custom alert generation in Microsoft Sentinel. These analytic rules will be deployed in disabled mode in the analytics rules gallery of your Microsoft Sentinel workspace. Configure and enable these rules in the analytic rules gallery after this Solution deploys.",
              "link": {
                "label": "Learn more",
                "uri": "https://docs.microsoft.com/azure/sentinel/tutorial-detect-threats-custom?WT.mc_id=Portal-Microsoft_Azure_CreateUIDef"
              }
            }
          },
          {
            "name": "analytic1",
            "type": "Microsoft.Common.Section",
            "label": "Tanium Threat Response Alerts",
            "elements": [
              {
                "name": "analytic1-text",
                "type": "Microsoft.Common.TextBlock",
                "options": {
                  "text": "Test desc"
                }
              }
            ]
          }
        ]
      },
      {
        "name": "playbooks",
        "label": "Playbooks",
        "subLabel": {
          "preValidation": "Configure the playbooks",
          "postValidation": "Done"
        },
        "bladeTitle": "Playbooks",
        "elements": [
          {
            "name": "playbooks-text",
            "type": "Microsoft.Common.TextBlock",
            "options": {
              "text": "This solution installs playbook resources.  A security playbook is a collection of procedures that can be run from Microsoft Sentinel in response to an alert. A security playbook can help automate and orchestrate your response, and can be run manually or set to run automatically when specific alerts are triggered. Security playbooks in Microsoft Sentinel are based on Azure Logic Apps, which means that you get all the power, customizability, and built-in templates of Logic Apps. Each playbook is created for the specific subscription you choose, but when you look at the Playbooks page, you will see all the playbooks across any selected subscriptions.",
              "link": {
                "label": "Learn more",
                "uri": "https://docs.microsoft.com/azure/sentinel/tutorial-respond-threats-playbook?WT.mc_id=Portal-Microsoft_Azure_CreateUIDef"
              }
            }
          },
          {
            "name": "playbook1",
            "type": "Microsoft.Common.Section",
            "label": "CollectComplyFindingsTanium",
            "elements": [
              {
                "name": "playbook1-text",
                "type": "Microsoft.Common.TextBlock",
                "options": {
                  "text": "This playbook ingests events from Tanium into Log Analytics using the API."
                }
              },
              {
                "name": "playbook1-PlaybookName",
                "type": "Microsoft.Common.TextBox",
                "label": "Playbook Name",
                "defaultValue": "CollectComplyFindingsTanium",
                "toolTip": "Resource name for the logic app playbook.  No spaces are allowed",
                "constraints": {
                  "required": true,
                  "regex": "[a-z0-9A-Z]{1,256}$",
                  "validationMessage": "Please enter a playbook resource name"
                }
              },
              {
                "name": "playbook1-ForwarderAPIToken",
                "type": "Microsoft.Common.TextBox",
                "label": "Forwarder API Token",
                "defaultValue": "[basics('taniumforwarderapikey').value]",
                "toolTip": "Please enter Forwarder API Token",
                "constraints": {
                  "required": true,
                  "regex": "[a-z0-9A-Z]{1,256}$",
                  "validationMessage": "Please enter the Forwarder API Token"
                }
              },
              {
                "name": "playbook1-ConnectionName",
                "type": "Microsoft.Common.TextBox",
                "label": "Connection Name",
                "defaultValue": "azuresentinel",
                "toolTip": "Please enter Connection Name",
                "constraints": {
                  "required": true,
                  "regex": "[a-z0-9A-Z]{1,256}$",
                  "validationMessage": "Please enter the Connection Name"
                }
              }
            ]
          },
          {
            "name": "playbook2",
            "type": "Microsoft.Common.Section",
            "label": "CollectDefenderStatusTanium",
            "elements": [
              {
                "name": "playbook2-text",
                "type": "Microsoft.Common.TextBlock",
                "options": {
                  "text": "This playbook ingests events from Tanium into Log Analytics using the API."
                }
              },
              {
                "name": "playbook2-PlaybookName",
                "type": "Microsoft.Common.TextBox",
                "label": "Playbook Name",
                "defaultValue": "CollectDefenderStatusTanium",
                "toolTip": "Resource name for the logic app playbook.  No spaces are allowed",
                "constraints": {
                  "required": true,
                  "regex": "[a-z0-9A-Z]{1,256}$",
                  "validationMessage": "Please enter a playbook resource name"
                }
              },
              {
                "name": "playbook2-ForwarderAPIToken",
                "type": "Microsoft.Common.TextBox",
                "label": "Forwarder API Token",
                "defaultValue": "[basics('taniumforwarderapikey').value]",
                "toolTip": "Please enter Forwarder API Token",
                "constraints": {
                  "required": true,
                  "regex": "[a-z0-9A-Z]{1,256}$",
                  "validationMessage": "Please enter the Forwarder API Token"
                }
              },
              {
                "name": "playbook2-ConnectionName",
                "type": "Microsoft.Common.TextBox",
                "label": "Connection Name",
                "defaultValue": "azuresentinel",
                "toolTip": "Please enter Connection Name",
                "constraints": {
                  "required": true,
                  "regex": "[a-z0-9A-Z]{1,256}$",
                  "validationMessage": "Please enter the Connection Name"
                }
              }
            ]
          },
          {
            "name": "playbook3",
            "type": "Microsoft.Common.Section",
            "label": "CollectSCCMClientStatusTanium",
            "elements": [
              {
                "name": "playbook3-text",
                "type": "Microsoft.Common.TextBlock",
                "options": {
                  "text": "This playbook ingests events from Tanium into Log Analytics using the API."
                }
              },
              {
                "name": "playbook3-PlaybookName",
                "type": "Microsoft.Common.TextBox",
                "label": "Playbook Name",
                "defaultValue": "CollectSCCMClientStatusTanium",
                "toolTip": "Resource name for the logic app playbook.  No spaces are allowed",
                "constraints": {
                  "required": true,
                  "regex": "[a-z0-9A-Z]{1,256}$",
                  "validationMessage": "Please enter a playbook resource name"
                }
              },
              {
                "name": "playbook3-ForwarderAPIToken",
                "type": "Microsoft.Common.TextBox",
                "label": "Forwarder API Token",
                "defaultValue": "[basics('taniumforwarderapikey').value]",
                "toolTip": "Please enter Forwarder API Token",
                "constraints": {
                  "required": true,
                  "regex": "[a-z0-9A-Z]{1,256}$",
                  "validationMessage": "Please enter the Forwarder API Token"
                }
              },
              {
                "name": "playbook3-ConnectionName",
                "type": "Microsoft.Common.TextBox",
                "label": "Connection Name",
                "defaultValue": "azuresentinel",
                "toolTip": "Please enter Connection Name",
                "constraints": {
                  "required": true,
                  "regex": "[a-z0-9A-Z]{1,256}$",
                  "validationMessage": "Please enter the Connection Name"
                }
              }
            ]
          },
          {
            "name": "playbook4",
            "type": "Microsoft.Common.Section",
            "label": "QuarantineHostsTanium",
            "elements": [
              {
                "name": "playbook4-text",
                "type": "Microsoft.Common.TextBlock",
                "options": {
                  "text": "This playbook ingests events from Tanium into Log Analytics using the API."
                }
              },
              {
                "name": "playbook4-PlaybookName",
                "type": "Microsoft.Common.TextBox",
                "label": "Playbook Name",
                "defaultValue": "QuarantineHostsTanium",
                "toolTip": "Resource name for the logic app playbook.  No spaces are allowed",
                "constraints": {
                  "required": true,
                  "regex": "[a-z0-9A-Z]{1,256}$",
                  "validationMessage": "Please enter a playbook resource name"
                }
              },
              {
                "name": "playbook4-ForwarderAPIToken",
                "type": "Microsoft.Common.TextBox",
                "label": "Forwarder API Token",
                "defaultValue": "[basics('taniumforwarderapikey').value]",
                "toolTip": "Please enter Forwarder API Token",
                "constraints": {
                  "required": true,
                  "regex": "[a-z0-9A-Z]{1,256}$",
                  "validationMessage": "Please enter the Forwarder API Token"
                }
              },
              {
                "name": "playbook4-ConnectionName",
                "type": "Microsoft.Common.TextBox",
                "label": "Connection Name",
                "defaultValue": "azuresentinel",
                "toolTip": "Please enter Connection Name",
                "constraints": {
                  "required": true,
                  "regex": "[a-z0-9A-Z]{1,256}$",
                  "validationMessage": "Please enter the Connection Name"
                }
              }
            ]
          }
        ]
      }
    ],
    "outputs": {
      "workspace-location": "[first(map(filter(basics('getLAWorkspace').value, (filter) => and(contains(toLower(filter.id), toLower(resourceGroup().name)),equals(filter.name,basics('workspace')))), (item) => item.location))]",
      "location": "[location()]",
      "workspace": "[basics('workspace')]",
      "workbook1-name": "[steps('workbooks').workbook1.workbook1-name]",
      "playbook1-PlaybookName": "[steps('playbooks').playbook1.playbook1-PlaybookName]",
      "playbook1-ForwarderAPIToken": "[steps('playbooks').playbook1.playbook1-ForwarderAPIToken]",
      "playbook1-ConnectionName": "[steps('playbooks').playbook1.playbook1-ConnectionName]",
      "playbook2-PlaybookName": "[steps('playbooks').playbook2.playbook2-PlaybookName]",
      "playbook2-ForwarderAPIToken": "[steps('playbooks').playbook2.playbook2-ForwarderAPIToken]",
      "playbook2-ConnectionName": "[steps('playbooks').playbook2.playbook2-ConnectionName]",
      "playbook3-PlaybookName": "[steps('playbooks').playbook3.playbook3-PlaybookName]",
      "playbook3-ForwarderAPIToken": "[steps('playbooks').playbook3.playbook3-ForwarderAPIToken]",
      "playbook3-ConnectionName": "[steps('playbooks').playbook3.playbook3-ConnectionName]",
      "playbook4-PlaybookName": "[steps('playbooks').playbook4.playbook4-PlaybookName]",
      "playbook4-ForwarderAPIToken": "[steps('playbooks').playbook4.playbook4-ForwarderAPIToken]",
      "playbook4-ConnectionName": "[steps('playbooks').playbook4.playbook4-ConnectionName]"
    }
  }
}
